PassportNum,CustName,DOB
1,John A,1011930
2,John B,1011940
3,John C,1011950
4,John D,1011960
5,John E,1011970
6,John F,1011980
7,John G,1011990
8,John H,1012000
9,John I,1012010
10,John J,1012020
11,John K,1021930
12,John L,1021940
13,John M,1021950
14,John N,1021960
15,John O,1021970
16,John P,1021980
17,John Q,1021990
18,John R,1022000
19,John S,1022010
20,John T,1022020
21,John U,1031930
22,John V,1031940
23,John W,1031950
24,John X,1031960
25,John Y,1031970
26,John Z,1031980
27,Jane A,2011930
28,Jane B,2011940
29,Jane C,2011950
30,Jane D,2011960
31,Jane E,2011970
32,Jane F,2011980
33,Jane G,2011990
34,Jane H,2012000
35,Jane I,2012010
36,Jane J,2012020
37,Jane K,2021930
38,Jane L,2021940
39,Jane M,2021950
40,Jane N,2021960
41,Jane O,2021970
42,Jane P,2021980
43,Jane Q,2021990
44,Jane R,2022000
45,Jane S,2022010
46,Jane T,2022020
47,Jane U,2031930
48,Jane V,2031940
49,Jane W,2031950
50,Jane X,2031960
51,Jane Y,2031970
52,Jane Z,2031980
53,Henry A,3011930
54,Henry B,3011940
55,Henry C,3011950
56,Henry D,3011960
57,Henry E,3011970
58,Henry F,3011980
59,Henry G,3011990
60,Henry H,3012000
61,Henry I,3012010
62,Henry J,3012020
63,Henry K,3021930
64,Henry L,3021940
65,Henry M,3021950
66,Henry N,3021960
67,Henry O,3021970
68,Henry P,3021980
69,Henry Q,3021990
70,Henry R,3022000
71,Henry S,3022010
72,Henry T,3022020
73,Henry U,3031930
74,Henry V,3031940
75,Henry W,3031950
76,Henry X,3031960
77,Henry Y,3031970
78,Henry Z,3031980
79,Emma A,4011930
80,Emma B,4011940
81,Emma C,4011950
82,Emma D,4011960
83,Emma E,4011970
84,Emma F,4011980
85,Emma G,4011990
86,Emma H,4012000
87,Emma I,4012010
88,Emma J,4012020
89,Emma K,4021930
90,Emma L,4021940
91,Emma M,4021950
92,Emma N,4021960
93,Emma O,4021970
94,Emma P,4021980
95,Emma Q,4021990
96,Emma R,4022000
97,Emma S,4022010
98,Emma T,4022020
99,Emma U,4031930
100,Emma V,4031940
101,Emma W,4031950
102,Emma X,4031960
103,Emma Y,4031970
104,Emma Z,4031980
105,Charlie A,5011930
106,Charlie B,5011940
107,Charlie C,5011950
108,Charlie D,5011960
109,Charlie E,5011970
110,Charlie F,5011980
111,Charlie G,5011990
112,Charlie H,5012000
113,Charlie I,5012010
114,Charlie J,5012020
115,Charlie K,5021930
116,Charlie L,5021940
117,Charlie M,5021950
118,Charlie N,5021960
119,Charlie O,5021970
120,Charlie P,5021980
121,Charlie Q,5021990
122,Charlie R,5022000
123,Charlie S,5022010
124,Charlie T,5022020
125,Charlie U,5031930
126,Charlie V,5031940
127,Charlie W,5031950
128,Charlie X,5031960
129,Charlie Y,5031970
130,Charlie Z,5031980
131,Sophia A,6011930
132,Sophia B,6011940
133,Sophia C,6011950
134,Sophia D,6011960
135,Sophia E,6011970
136,Sophia F,6011980
137,Sophia G,6011990
138,Sophia H,6012000
139,Sophia I,6012010
140,Sophia J,6012020
141,Sophia K,6021930
142,Sophia L,6021940
143,Sophia M,6021950
144,Sophia N,6021960
145,Sophia O,6021970
146,Sophia P,6021980
147,Sophia Q,6021990
148,Sophia R,6022000
149,Sophia S,6022010
150,Sophia T,6022020
151,Sophia U,6031930
152,Sophia V,6031940
153,Sophia W,6031950
154,Sophia X,6031960
155,Sophia Y,6031970
156,Sophia Z,6031980
157,William A,7011930
158,William B,7011940
159,William C,7011950
160,William D,7011960
161,William E,7011970
162,William F,7011980
163,William G,7011990
164,William H,7012000
165,William I,7012010
166,William J,7012020
167,William K,7021930
168,William L,7021940
169,William M,7021950
170,William N,7021960
171,William O,7021970
172,William P,7021980
173,William Q,7021990
174,William R,7022000
175,William S,7022010
176,William T,7022020
177,William U,7031930
178,William V,7031940
179,William W,7031950
180,William X,7031960
181,William Y,7031970
182,William Z,7031980
183,Elizabeth A,8011930
184,Elizabeth B,8011940
185,Elizabeth C,8011950
186,Elizabeth D,8011960
187,Elizabeth E,8011970
188,Elizabeth F,8011980
189,Elizabeth G,8011990
190,Elizabeth H,8012000
191,Elizabeth I,8012010
192,Elizabeth J,8012020
193,Elizabeth K,8021930
194,Elizabeth L,8021940
195,Elizabeth M,8021950
196,Elizabeth N,8021960
197,Elizabeth O,8021970
198,Elizabeth P,8021980
199,Elizabeth Q,8021990
200,Elizabeth R,8022000
201,Elizabeth S,8022010
202,Elizabeth T,8022020
203,Elizabeth U,8031930
204,Elizabeth V,8031940
205,Elizabeth W,8031950
206,Elizabeth X,8031960
207,Elizabeth Y,8031970
208,Elizabeth Z,8031980
209,James A,9011930
210,James B,9011940
211,James C,9011950
212,James D,9011960
213,James E,9011970
214,James F,9011980
215,James G,9011990
216,James H,9012000
217,James I,9012010
218,James J,9012020
219,James K,9021930
220,James L,9021940
221,James M,9021950
222,James N,9021960
223,James O,9021970
224,James P,9021980
225,James Q,9021990
226,James R,9022000
227,James S,9022010
228,James T,9022020
229,James U,9031930
230,James V,9031940
231,James W,9031950
232,James X,9031960
233,James Y,9031970
234,James Z,9031980
235,Mary A,10011930
236,Mary B,10011940
237,Mary C,10011950
238,Mary D,10011960
239,Mary E,10011970
240,Mary F,10011980
241,Mary G,10011990
242,Mary H,10012000
243,Mary I,10012010
244,Mary J,10012020
245,Mary K,10021930
246,Mary L,10021940
247,Mary M,10021950
248,Mary N,10021960
249,Mary O,10021970
250,Mary P,10021980
251,Mary Q,10021990
252,Mary R,10022000
253,Mary S,10022010
254,Mary T,10022020
255,Mary U,10031930
256,Mary V,10031940
257,Mary W,10031950
258,Mary X,10031960
259,Mary Y,10031970
260,Mary Z,10031980
261,Robert A,11011930
262,Robert B,11011940
263,Robert C,11011950
264,Robert D,11011960
265,Robert E,11011970
266,Robert F,11011980
267,Robert G,11011990
268,Robert H,11012000
269,Robert I,11012010
270,Robert J,11012020
271,Robert K,11021930
272,Robert L,11021940
273,Robert M,11021950
274,Robert N,11021960
275,Robert O,11021970
276,Robert P,11021980
277,Robert Q,11021990
278,Robert R,11022000
279,Robert S,11022010
280,Robert T,11022020
281,Robert U,11031930
282,Robert V,11031940
283,Robert W,11031950
284,Robert X,11031960
285,Robert Y,11031970
286,Robert Z,11031980
287,Susan A,12011930
288,Susan B,12011940
289,Susan C,12011950
290,Susan D,12011960
291,Susan E,12011970
292,Susan F,12011980
293,Susan G,12011990
294,Susan H,12012000
295,Susan I,12012010
296,Susan J,12012020
297,Susan K,12021930
298,Susan L,12021940
299,Susan M,12021950
300,Susan N,12021960
301,Susan O,12021970
302,Susan P,12021980
303,Susan Q,12021990
304,Susan R,12022000
305,Susan S,12022010
306,Susan T,12022020
307,Susan U,12031930
308,Susan V,12031940
309,Susan W,12031950
310,Susan X,12031960
311,Susan Y,12031970
312,Susan Z,12031980
313,Michael A,1011935
314,Michael B,1011945
315,Michael C,1011955
316,Michael D,1011965
317,Michael E,1011975
318,Michael F,1011985
319,Michael G,1011995
320,Michael H,1012005
321,Michael I,1012015
322,Michael J,1012025
323,Michael K,1021935
324,Michael L,1021945
325,Michael M,1021955
326,Michael N,1021965
327,Michael O,1021975
328,Michael P,1021985
329,Michael Q,1021995
330,Michael R,1022005
331,Michael S,1022015
332,Michael T,1022025
333,Michael U,1031935
334,Michael V,1031945
335,Michael W,1031955
336,Michael X,1031965
337,Michael Y,1031975
338,Michael Z,1031985
339,Jessica A,2011935
340,Jessica B,2011945
341,Jessica C,2011955
342,Jessica D,2011965
343,Jessica E,2011975
344,Jessica F,2011985
345,Jessica G,2011995
346,Jessica H,2012005
347,Jessica I,2012015
348,Jessica J,2012025
349,Jessica K,2021935
350,Jessica L,2021945
351,Jessica M,2021955
352,Jessica N,2021965
353,Jessica O,2021975
354,Jessica P,2021985
355,Jessica Q,2021995
356,Jessica R,2022005
357,Jessica S,2022015
358,Jessica T,2022025
359,Jessica U,2031935
360,Jessica V,2031945
361,Jessica W,2031955
362,Jessica X,2031965
363,Jessica Y,2031975
364,Jessica Z,2031985
365,David A,3011935
366,David B,3011945
367,David C,3011955
368,David D,3011965
369,David E,3011975
370,David F,3011985
371,David G,3011995
372,David H,3012005
373,David I,3012015
374,David J,3012025
375,David K,3021935
376,David L,3021945
377,David M,3021955
378,David N,3021965
379,David O,3021975
380,David P,3021985
381,David Q,3021995
382,David R,3022005
383,David S,3022015
384,David T,3022025
385,David U,3031935
386,David V,3031945
387,David W,3031955
388,David X,3031965
389,David Y,3031975
390,David Z,3031985
391,Karen A,4011935
392,Karen B,4011945
393,Karen C,4011955
394,Karen D,4011965
395,Karen E,4011975
396,Karen F,4011985
397,Karen G,4011995
398,Karen H,4012005
399,Karen I,4012015
400,Karen J,4012025
401,Karen K,4021935
402,Karen L,4021945
403,Karen M,4021955
404,Karen N,4021965
405,Karen O,4021975
406,Karen P,4021985
407,Karen Q,4021995
408,Karen R,4022005
409,Karen S,4022015
410,Karen T,4022025
411,Karen U,4031935
412,Karen V,4031945
413,Karen W,4031955
414,Karen X,4031965
415,Karen Y,4031975
416,Karen Z,4031985
417,George A,5011935
418,George B,5011945
419,George C,5011955
420,George D,5011965
421,George E,5011975
422,George F,5011985
423,George G,5011995
424,George H,5012005
425,George I,5012015
426,George J,5012025
427,George K,5021935
428,George L,5021945
429,George M,5021955
430,George N,5021965
431,George O,5021975
432,George P,5021985
433,George Q,5021995
434,George R,5022005
435,George S,5022015
436,George T,5022025
437,George U,5031935
438,George V,5031945
439,George W,5031955
440,George X,5031965
441,George Y,5031975
442,George Z,5031985
443,Emily A,6011935
444,Emily B,6011945
445,Emily C,6011955
446,Emily D,6011965
447,Emily E,6011975
448,Emily F,6011985
449,Emily G,6011995
450,Emily H,6012005
451,Emily I,6012015
452,Emily J,6012025
453,Emily K,6021935
454,Emily L,6021945
455,Emily M,6021955
456,Emily N,6021965
457,Emily O,6021975
458,Emily P,6021985
459,Emily Q,6021995
460,Emily R,6022005
461,Emily S,6022015
462,Emily T,6022025
463,Emily U,6031935
464,Emily V,6031945
465,Emily W,6031955
466,Emily X,6031965
467,Emily Y,6031975
468,Emily Z,6031985
469,Edward A,7011935
470,Edward B,7011945
471,Edward C,7011955
472,Edward D,7011965
473,Edward E,7011975
474,Edward F,7011985
475,Edward G,7011995
476,Edward H,7012005
477,Edward I,7012015
478,Edward J,7012025
479,Edward K,7021935
480,Edward L,7021945
481,Edward M,7021955
482,Edward N,7021965
483,Edward O,7021975
484,Edward P,7021985
485,Edward Q,7021995
486,Edward R,7022005
487,Edward S,7022015
488,Edward T,7022025
489,Edward U,7031935
490,Edward V,7031945
491,Edward W,7031955
492,Edward X,7031965
493,Edward Y,7031975
494,Edward Z,7031985
495,Carol A,8011935
496,Carol B,8011945
497,Carol C,8011955
498,Carol D,8011965
499,Carol E,8011975
500,Carol F,8011985
501,Carol G,8011995
502,Carol H,8012005
503,Carol I,8012015
504,Carol J,8012025
505,Carol K,8021935
506,Carol L,8021945
507,Carol M,8021955
508,Carol N,8021965
509,Carol O,8021975
510,Carol P,8021985
511,Carol Q,8021995
512,Carol R,8022005
513,Carol S,8022015
514,Carol T,8022025
515,Carol U,8031935
516,Carol V,8031945
517,Carol W,8031955
518,Carol X,8031965
519,Carol Y,8031975
520,Carol Z,8031985